dim_0,dim_1,dim_2,dim_3,dim_4,dim_5,dim_6,dim_7,dim_8,dim_9,dim_10,dim_11,dim_12,dim_13,dim_14,dim_15,dim_16,dim_17,dim_18,dim_19,dim_20,dim_21,dim_22,dim_23,dim_24,dim_25,dim_26,dim_27,dim_28,dim_29,dim_30,dim_31,dim_32,dim_33,dim_34,dim_35,dim_36,dim_37,dim_38,dim_39,dim_40,dim_41,dim_42,dim_43,dim_44,dim_45,dim_46,dim_47,dim_48,dim_49,dim_50,dim_51,dim_52,dim_53,dim_54,dim_55,dim_56,dim_57,dim_58,dim_59,dim_60,dim_61,dim_62,dim_63
0.060455322265625,0.09613037109375,-0.03753662109375,-0.115234375,0.1875,-0.0965576171875,-0.330322265625,-0.041748046875,-0.042816162109375,0.0043182373046875,-0.31884765625,-0.1363525390625,-0.0670166015625,0.0574951171875,0.32958984375,0.269775390625,-0.08331298828125,0.07928466796875,-0.1707763671875,0.255126953125,-0.130615234375,-0.26171875,0.044708251953125,-0.260009765625,0.06842041015625,-0.1412353515625,-0.064208984375,-0.18994140625,0.10345458984375,0.3203125,-0.369140625,-0.2381591796875,0.049041748046875,-0.1400146484375,-0.028656005859375,0.1424560546875,-0.01348876953125,-0.0021572113037109375,-0.0282745361328125,0.156982421875,-0.136962890625,-0.273681640625,-0.209228515625,-0.10284423828125,0.253173828125,-0.2342529296875,-0.048736572265625,-0.286865234375,-0.051605224609375,-0.001438140869140625,0.1357421875,-0.25,0.0670166015625,-0.0350341796875,0.1636962890625,0.2139892578125,-0.00762939453125,0.11138916015625,-0.04510498046875,0.19921875,-0.1649169921875,-0.019989013671875,-0.046966552734375,0.346435546875
0.1937255859375,0.177978515625,0.01561737060546875,-0.350830078125,0.397705078125,0.07257080078125,-0.142578125,-0.48046875,0.2335205078125,-0.11395263671875,-0.08544921875,-0.03814697265625,0.08477783203125,-0.03851318359375,0.1632080078125,0.044464111328125,0.03509521484375,-0.16259765625,-0.177001953125,0.3173828125,0.1298828125,-0.316650390625,-0.0699462890625,-0.21533203125,-0.05889892578125,-0.167236328125,0.0240325927734375,0.01392364501953125,0.07421875,0.34765625,-0.3271484375,-0.436279296875,0.08709716796875,-0.2216796875,0.1650390625,0.1419677734375,-0.138916015625,-0.1949462890625,0.1407470703125,0.324462890625,-0.07037353515625,-0.438720703125,-0.250732421875,-0.279052734375,0.21728515625,-0.32470703125,0.177490234375,-0.0192718505859375,0.1204833984375,-0.1868896484375,0.10784912109375,-0.251220703125,0.2318115234375,-0.1611328125,0.08441162109375,0.12371826171875,0.1060791015625,0.37255859375,0.138671875,0.357177734375,-0.1748046875,-0.11370849609375,-0.006927490234375,0.450439453125
0.248046875,-0.0231781005859375,0.1971435546875,0.0604248046875,0.11480712890625,-0.07025146484375,-0.1846923828125,-0.2242431640625,0.0211029052734375,0.2171630859375,-0.46826171875,0.024658203125,-0.38720703125,0.48974609375,-0.06842041015625,-0.017364501953125,0.174072265625,0.07452392578125,-0.053131103515625,0.42529296875,0.199462890625,-0.3515625,-0.07708740234375,-0.36767578125,-0.2222900390625,0.0289306640625,0.1878662109375,-0.08612060546875,0.264892578125,-0.1124267578125,-0.33642578125,-0.054718017578125,0.04473876953125,-0.103759765625,-0.0008149147033691406,0.03680419921875,-0.0293731689453125,-0.0968017578125,0.1839599609375,-0.1566162109375,-0.00522613525390625,-0.2900390625,-0.18359375,-0.236328125,0.12384033203125,-0.047637939453125,0.1953125,-0.23876953125,0.2421875,-0.13037109375,-0.1170654296875,-0.15478515625,0.0157928466796875,-0.40087890625,-0.114501953125,0.48876953125,0.09893798828125,0.1593017578125,-0.040069580078125,-0.0254364013671875,-0.209228515625,0.195556640625,0.061279296875,0.26708984375
0.1046142578125,0.218505859375,0.025970458984375,-0.2430419921875,0.62255859375,-0.10260009765625,-0.287109375,-0.4130859375,0.271484375,-0.07598876953125,-0.188720703125,-0.0972900390625,-0.11138916015625,-0.037994384765625,0.1253662109375,-0.02313232421875,0.12445068359375,0.17578125,-0.1185302734375,0.294189453125,-0.02374267578125,-0.173583984375,-0.082275390625,-0.365478515625,-0.06353759765625,-0.10040283203125,-0.11480712890625,0.078369140625,-0.137939453125,0.23876953125,-0.30908203125,-0.1845703125,-0.0181121826171875,-0.2020263671875,-0.07598876953125,-0.0791015625,-0.10443115234375,0.0814208984375,-0.0171661376953125,0.1351318359375,0.0212554931640625,-0.266845703125,-0.61376953125,0.00273895263671875,0.363037109375,0.040679931640625,-0.12548828125,-0.006488800048828125,0.209716796875,-0.08612060546875,0.1671142578125,-0.1282958984375,0.07257080078125,-0.08929443359375,0.26220703125,0.359375,-0.06854248046875,0.232421875,-0.06890869140625,0.0220947265625,-0.1346435546875,-0.1619873046875,-0.173095703125,0.10736083984375
0.161865234375,0.2568359375,0.09625244140625,-0.2900390625,0.31396484375,0.0266876220703125,0.0401611328125,-0.412353515625,0.1312255859375,-0.1749267578125,-0.0426025390625,-0.261474609375,0.06817626953125,-0.054168701171875,-0.1685791015625,-0.039215087890625,0.185302734375,0.272705078125,-0.319091796875,0.394287109375,0.06500244140625,-0.185546875,-0.2493896484375,0.03924560546875,0.039886474609375,-0.21337890625,0.0045623779296875,0.2105712890625,0.0694580078125,-0.0287322998046875,-0.2216796875,-0.0728759765625,0.1917724609375,0.034698486328125,-0.1605224609375,0.02362060546875,0.1695556640625,0.0282440185546875,0.1685791015625,-0.09722900390625,-0.05450439453125,-0.139404296875,-0.49853515625,-0.136474609375,-0.0007839202880859375,-0.21630859375,-0.1201171875,-0.1953125,-0.0191497802734375,-0.006969451904296875,0.08660888671875,-0.47802734375,0.13623046875,-0.424072265625,0.17138671875,0.07373046875,0.1871337890625,0.346923828125,0.2130126953125,0.120361328125,-0.17919921875,-0.04962158203125,0.0301971435546875,-0.0010042190551757812
0.3232421875,0.038055419921875,0.055389404296875,0.027862548828125,0.2509765625,-0.0255584716796875,0.021728515625,-0.263671875,-0.00435638427734375,-0.16162109375,-0.08355712890625,-0.09844970703125,0.07232666015625,-0.10552978515625,-0.12158203125,-0.0848388671875,0.049957275390625,0.08648681640625,-0.35302734375,0.278564453125,0.2076416015625,-0.228271484375,-0.0165863037109375,-0.16259765625,0.178466796875,-0.07904052734375,-0.06695556640625,0.10711669921875,0.03900146484375,0.15380859375,-0.2320556640625,-0.1204833984375,0.105712890625,-0.299560546875,-0.06597900390625,0.10186767578125,0.07470703125,0.087890625,0.03985595703125,0.183349609375,-0.36181640625,-0.207275390625,-0.56103515625,-0.131591796875,0.233642578125,-0.2139892578125,-0.032806396484375,0.1552734375,0.281005859375,-0.044036865234375,0.0284423828125,-0.304931640625,0.061553955078125,-0.244384765625,0.040191650390625,0.39892578125,0.07208251953125,0.148193359375,0.154541015625,0.07708740234375,-0.09344482421875,-0.05108642578125,-0.1644287109375,0.191162109375
0.265869140625,-0.0601806640625,-0.06689453125,-0.2125244140625,0.412841796875,0.23828125,0.06475830078125,-0.1246337890625,0.360595703125,-0.240966796875,-0.1314697265625,-0.347412109375,0.0345458984375,-0.0357666015625,-0.008636474609375,-0.047119140625,0.03289794921875,0.28857421875,-0.373046875,0.439453125,-0.0234222412109375,-0.1546630859375,-0.178955078125,-0.1346435546875,0.16015625,-0.2108154296875,0.1689453125,0.1199951171875,-0.01230621337890625,-0.0745849609375,-0.23583984375,-0.15380859375,-0.03948974609375,-0.2205810546875,-0.01374053955078125,0.01021575927734375,-0.10821533203125,0.22314453125,0.03436279296875,0.054534912109375,-0.044952392578125,-0.242431640625,-0.4228515625,0.08465576171875,0.08709716796875,-0.196044921875,-0.08697509765625,-0.049041748046875,0.2171630859375,-0.035888671875,0.1597900390625,-0.1929931640625,0.10400390625,-0.329833984375,0.049346923828125,0.1646728515625,0.2137451171875,0.2342529296875,0.12335205078125,0.0004553794860839844,-0.09033203125,-0.02197265625,-0.17919921875,0.08892822265625
-0.1463623046875,-0.030426025390625,0.156494140625,-0.0184173583984375,0.46435546875,0.29638671875,-0.348388671875,-0.2034912109375,0.32763671875,-0.09869384765625,-0.2425537109375,-0.11627197265625,-0.016876220703125,0.03436279296875,-0.0006284713745117188,-0.2025146484375,-0.063720703125,0.051177978515625,-0.02386474609375,0.12646484375,-0.03338623046875,-0.153076171875,-0.199951171875,-0.37353515625,-0.03875732421875,0.030853271484375,0.096923828125,0.0938720703125,-0.1026611328125,0.16796875,-0.26220703125,-0.1824951171875,-0.06378173828125,-0.1837158203125,-0.179931640625,0.14306640625,-0.005329132080078125,0.114501953125,-0.09283447265625,0.291748046875,-0.04559326171875,0.04547119140625,-0.50732421875,-0.00641632080078125,0.292236328125,0.2093505859375,-0.1895751953125,0.2088623046875,0.337646484375,0.214111328125,0.2159423828125,-0.24658203125,0.25146484375,-0.2232666015625,0.10418701171875,0.31591796875,0.056396484375,0.0406494140625,0.138427734375,-0.13037109375,-0.118408203125,-0.0875244140625,-0.20751953125,-0.1414794921875
0.37060546875,0.038970947265625,0.08953857421875,-0.1412353515625,0.154052734375,0.1180419921875,-0.2254638671875,-0.09820556640625,0.05621337890625,-0.0242767333984375,-0.2164306640625,0.1917724609375,-0.061370849609375,0.16943359375,0.12188720703125,0.09521484375,-0.197021484375,0.005901336669921875,-0.344482421875,0.1728515625,-0.2459716796875,-0.1298828125,0.22216796875,-0.15234375,0.086669921875,0.02789306640625,-0.1884765625,0.00959014892578125,0.252685546875,0.1767578125,-0.36083984375,-0.0335693359375,0.00518035888671875,-0.032806396484375,-0.13134765625,0.12188720703125,-0.10595703125,0.1793212890625,-0.163818359375,0.296142578125,-0.160400390625,0.041259765625,-0.069091796875,0.1402587890625,0.150634765625,-0.2042236328125,0.036773681640625,-0.07025146484375,0.1953125,-0.0716552734375,0.11309814453125,-0.061614990234375,0.034576416015625,-0.09405517578125,0.033355712890625,0.47119140625,0.0021648406982421875,-0.0292510986328125,0.1666259765625,0.10076904296875,-0.2236328125,-0.12432861328125,-0.265380859375,0.236572265625
0.09686279296875,0.034637451171875,0.2423095703125,-0.0762939453125,0.4140625,-0.01000213623046875,-0.472412109375,-0.16162109375,0.150634765625,-0.119140625,-0.3896484375,0.04632568359375,-0.21044921875,0.1434326171875,0.246826171875,0.2293701171875,-0.075439453125,-0.095947265625,-0.0855712890625,0.027557373046875,0.003559112548828125,-0.262939453125,0.004352569580078125,-0.24951171875,0.16015625,0.1328125,0.0389404296875,-0.047454833984375,-0.034820556640625,0.123779296875,-0.403564453125,-0.1329345703125,-0.181396484375,-0.1629638671875,0.07611083984375,-0.035400390625,-0.08172607421875,-0.11993408203125,-0.1885986328125,0.464599609375,-0.08575439453125,-0.07806396484375,-0.299072265625,-0.017120361328125,0.307373046875,0.10791015625,-0.0623779296875,0.1385498046875,0.328125,0.000904083251953125,0.369140625,-0.2122802734375,0.095947265625,-0.1224365234375,0.3046875,0.27734375,-0.1328125,0.03314208984375,0.326416015625,-0.08233642578125,-0.1268310546875,-0.11151123046875,-0.2315673828125,-0.147216796875
0.28759765625,0.0010690689086914062,-0.182861328125,-0.209228515625,0.20458984375,-0.04296875,0.056793212890625,-0.1893310546875,-0.220703125,-0.371337890625,-0.21630859375,-0.212646484375,0.056793212890625,-0.0282440185546875,0.040496826171875,-0.010955810546875,0.07781982421875,0.35546875,-0.246337890625,0.333984375,-0.1658935546875,-0.144287109375,-0.1278076171875,-0.0936279296875,0.10272216796875,-0.098876953125,-0.0450439453125,-0.1551513671875,-0.015777587890625,0.43701171875,-0.27783203125,-0.10968017578125,-0.0173492431640625,-0.33251953125,0.1978759765625,0.02923583984375,-0.0860595703125,-0.160400390625,-0.14208984375,0.09490966796875,0.0217132568359375,-0.17041015625,-0.34326171875,0.06463623046875,0.25,-0.09405517578125,-0.0804443359375,-0.019439697265625,0.039306640625,-0.053924560546875,0.1783447265625,-0.1446533203125,0.0264129638671875,-0.16552734375,-0.0058135986328125,0.05255126953125,-0.1387939453125,0.2061767578125,0.1776123046875,0.263427734375,-0.09405517578125,-0.081298828125,-0.06658935546875,-0.0321044921875
0.1201171875,0.125244140625,0.2548828125,-0.152099609375,0.26513671875,-0.2127685546875,-0.18212890625,-0.215087890625,-0.0168304443359375,-0.04425048828125,-0.409423828125,0.031829833984375,-0.2822265625,0.249267578125,0.18896484375,0.035003662109375,-0.007427215576171875,0.0675048828125,-0.09539794921875,0.22119140625,-0.0665283203125,-0.276611328125,0.03472900390625,-0.17626953125,0.1007080078125,0.042022705078125,-0.033050537109375,-0.034820556640625,0.254150390625,0.1434326171875,-0.406494140625,0.0008091926574707031,0.06732177734375,-0.074462890625,-0.078857421875,0.0236053466796875,-0.0902099609375,-0.08184814453125,-0.0006160736083984375,0.173095703125,0.005855560302734375,-0.277099609375,-0.193603515625,-0.172119140625,0.2203369140625,-0.2183837890625,0.1378173828125,-0.366943359375,0.10693359375,-0.1324462890625,0.08551025390625,-0.214599609375,0.060546875,-0.0631103515625,0.140869140625,0.26220703125,0.1322021484375,0.1746826171875,0.1707763671875,0.10748291015625,-0.26025390625,-0.02691650390625,-0.01157379150390625,0.181396484375
0.174072265625,0.181396484375,-0.03271484375,0.07501220703125,0.378662109375,-0.1517333984375,-0.308349609375,-0.013397216796875,0.3232421875,0.13818359375,-0.2449951171875,-0.15625,-0.225830078125,0.04608154296875,0.0284271240234375,-0.07452392578125,-0.16748046875,0.0965576171875,-0.123291015625,0.08050537109375,-0.207763671875,0.037353515625,-0.003093719482421875,-0.252685546875,-0.0012292861938476562,-0.12139892578125,-0.0082244873046875,-0.047882080078125,0.11444091796875,0.02197265625,-0.31591796875,0.1490478515625,-0.08917236328125,-0.232666015625,-0.1329345703125,0.0845947265625,-0.0274810791015625,0.07489013671875,-0.0221710205078125,0.131103515625,-0.29931640625,-0.1578369140625,-0.43603515625,-0.1693115234375,0.1263427734375,-0.25341796875,-0.01189422607421875,0.00251007080078125,0.2376708984375,0.07672119140625,0.272705078125,-0.004032135009765625,0.007274627685546875,-0.057647705078125,0.0214080810546875,0.462890625,-0.1617431640625,-0.11370849609375,0.07623291015625,-0.08880615234375,-0.32861328125,-0.0092010498046875,-0.25634765625,0.142578125
0.1468505859375,0.34765625,0.3037109375,-0.416259765625,0.2298583984375,-0.188720703125,0.11297607421875,-0.24560546875,-0.41162109375,-0.380859375,0.09442138671875,0.11810302734375,0.2203369140625,-0.0012331008911132812,-0.33837890625,0.138427734375,-0.2734375,-0.2108154296875,-0.1810302734375,0.25146484375,0.2030029296875,-0.348876953125,0.420166015625,-0.114501953125,0.21142578125,-0.081298828125,-0.08392333984375,0.11077880859375,0.07244873046875,0.25732421875,-0.140869140625,-0.220703125,-0.103271484375,-0.20361328125,-0.19580078125,0.0777587890625,0.314697265625,0.050567626953125,0.303466796875,-0.38818359375,-0.6416015625,-0.2027587890625,-0.325927734375,-0.07391357421875,0.320556640625,-0.18798828125,-0.04888916015625,-0.025360107421875,0.03564453125,0.149658203125,-0.009674072265625,0.0794677734375,-0.406494140625,-0.24755859375,0.1395263671875,0.6474609375,-0.194580078125,0.2587890625,0.0523681640625,0.11602783203125,-0.252197265625,0.058746337890625,0.06207275390625,0.392822265625
0.05999755859375,-0.2286376953125,0.044281005859375,-0.09228515625,0.1656494140625,0.013275146484375,0.056610107421875,-0.11328125,0.2122802734375,-0.06622314453125,-0.452880859375,0.0311431884765625,-0.13037109375,0.1795654296875,0.08917236328125,-0.0643310546875,-0.045074462890625,0.02569580078125,-0.302978515625,0.37646484375,-0.017547607421875,-0.281005859375,-0.3505859375,-0.3994140625,-0.035247802734375,-0.001399993896484375,0.170166015625,-0.00812530517578125,0.046844482421875,0.10198974609375,-0.341796875,-0.320068359375,0.1435546875,-0.2218017578125,0.03668212890625,0.06268310546875,-0.1690673828125,-0.072509765625,0.11376953125,0.1949462890625,0.0260772705078125,-0.410888671875,-0.253173828125,-0.1485595703125,0.044586181640625,-0.2978515625,0.1270751953125,-0.0146484375,0.2000732421875,-0.218017578125,0.1280517578125,-0.2578125,0.20166015625,-0.202880859375,0.0931396484375,0.386962890625,0.229248046875,0.205322265625,0.22216796875,0.1435546875,-0.090087890625,0.12841796875,-0.0870361328125,0.1571044921875
0.0947265625,0.18798828125,0.12469482421875,-0.11138916015625,0.490966796875,-0.0061492919921875,-0.274169921875,-0.3544921875,0.178466796875,-0.28662109375,-0.2027587890625,-0.279541015625,-0.14501953125,-0.0176544189453125,0.0924072265625,-0.00843048095703125,0.08807373046875,0.2578125,-0.2357177734375,0.34423828125,-0.055206298828125,-0.2249755859375,-0.08673095703125,-0.541015625,-0.0111846923828125,-0.1593017578125,0.033538818359375,0.205322265625,-0.12451171875,0.265869140625,-0.494140625,-0.2236328125,-0.0379638671875,-0.0924072265625,-0.1614990234375,-0.1986083984375,-0.0845947265625,0.0751953125,-0.003879547119140625,0.1868896484375,-0.149169921875,-0.19140625,-0.52587890625,0.090087890625,0.36376953125,-0.13330078125,-0.2103271484375,-0.1754150390625,0.14208984375,0.084716796875,0.31005859375,-0.38134765625,0.036773681640625,-0.232666015625,0.41845703125,0.267333984375,0.1212158203125,0.1549072265625,0.1326904296875,-0.08172607421875,-0.059112548828125,-0.258544921875,-0.12109375,0.1298828125
0.273193359375,0.1270751953125,0.149169921875,0.00337982177734375,0.09002685546875,0.0789794921875,-0.0364990234375,-0.41015625,-0.0653076171875,-0.2071533203125,-0.0750732421875,0.0260009765625,-0.0657958984375,0.039642333984375,-0.0016002655029296875,-0.2098388671875,-0.0689697265625,0.204345703125,-0.54296875,0.0936279296875,0.210693359375,-0.1375732421875,-0.12310791015625,-0.1500244140625,0.1910400390625,0.03717041015625,-0.08184814453125,0.11383056640625,0.06536865234375,0.305908203125,-0.2025146484375,-0.0213470458984375,0.1090087890625,-0.30810546875,-0.053497314453125,-0.05029296875,0.182861328125,0.08099365234375,0.019317626953125,0.4033203125,-0.041961669921875,0.033111572265625,-0.40625,-0.03216552734375,0.1014404296875,-0.0635986328125,-0.0806884765625,0.254150390625,0.5703125,-0.1455078125,0.2274169921875,-0.169189453125,0.268310546875,-0.0496826171875,0.1414794921875,0.330322265625,0.1097412109375,0.15576171875,0.458251953125,0.12939453125,0.0006413459777832031,-0.1455078125,-0.190673828125,-0.087646484375
0.10638427734375,0.1968994140625,-0.0267486572265625,0.041351318359375,0.2138671875,0.1219482421875,-0.11920166015625,-0.061676025390625,0.0225830078125,-0.1328125,-0.263427734375,-0.1396484375,0.024688720703125,-0.06622314453125,0.0548095703125,0.08819580078125,-0.031707763671875,0.0914306640625,-0.25146484375,0.1702880859375,0.036376953125,-0.26513671875,-0.12744140625,-0.159423828125,0.2078857421875,-0.07269287109375,-0.064453125,0.0692138671875,0.06951904296875,0.1859130859375,-0.27099609375,-0.1888427734375,-0.0921630859375,-0.3154296875,-0.1656494140625,0.11700439453125,0.274658203125,0.06341552734375,-0.04779052734375,-0.0288238525390625,-0.1666259765625,-0.1302490234375,-0.459228515625,-0.026031494140625,0.256103515625,-0.1873779296875,0.0276336669921875,-0.1483154296875,0.036529541015625,0.048431396484375,0.09576416015625,-0.2469482421875,0.08404541015625,-0.1241455078125,0.1531982421875,0.2421875,-0.016632080078125,0.1597900390625,0.134521484375,0.11944580078125,-0.029083251953125,0.123046875,-0.0914306640625,0.1690673828125
0.1962890625,0.309326171875,0.12408447265625,-0.29541015625,0.21630859375,-0.40771484375,-0.308837890625,-0.1500244140625,-0.1177978515625,0.027801513671875,-0.09906005859375,-0.1287841796875,-0.0157012939453125,0.1549072265625,0.183837890625,0.200927734375,0.0039215087890625,0.360595703125,-0.2386474609375,0.2476806640625,-0.2354736328125,-0.350341796875,-0.07659912109375,-0.36181640625,0.10076904296875,-0.1759033203125,-0.1781005859375,-0.2342529296875,0.141845703125,0.278076171875,-0.35107421875,-0.15234375,-0.20263671875,-0.09625244140625,-0.2366943359375,-0.0379638671875,0.0867919921875,-0.11334228515625,-0.179443359375,0.410888671875,0.06494140625,-0.1810302734375,-0.264892578125,-0.10711669921875,0.29541015625,-0.402099609375,-0.298828125,-0.01129150390625,-0.181396484375,-0.08526611328125,0.2183837890625,-0.1746826171875,0.04547119140625,0.28515625,0.371337890625,-0.056396484375,0.07122802734375,0.22705078125,0.0518798828125,0.1788330078125,0.09185791015625,-0.12445068359375,-0.13720703125,0.333984375
0.289306640625,0.310791015625,-0.247802734375,0.0021839141845703125,0.26513671875,-0.049560546875,-0.1778564453125,-0.11529541015625,0.1949462890625,-0.2529296875,-0.027191162109375,-0.10626220703125,-0.393310546875,0.1097412109375,0.1256103515625,-0.224609375,0.0791015625,0.369384765625,-0.3486328125,0.0751953125,0.1033935546875,-0.078857421875,-0.1953125,-0.396484375,-0.14697265625,-0.08892822265625,0.0265960693359375,0.014373779296875,0.1346435546875,-0.0006604194641113281,-0.349853515625,-0.1827392578125,-0.166259765625,-0.201171875,0.2529296875,-0.1873779296875,-0.2293701171875,-0.1090087890625,-0.06414794921875,0.23291015625,0.043914794921875,-0.1356201171875,-0.50537109375,-0.2012939453125,0.11480712890625,-0.0110931396484375,-0.0782470703125,-0.2138671875,0.4658203125,0.1820068359375,0.48193359375,0.07012939453125,-0.043701171875,-0.28173828125,0.4794921875,0.0379638671875,-0.5224609375,0.281494140625,0.435302734375,-0.335205078125,0.04638671875,-0.087890625,-0.1688232421875,0.345458984375
0.315673828125,0.053131103515625,-0.2073974609375,0.06219482421875,0.3583984375,0.1170654296875,0.0703125,-0.087890625,0.384521484375,-0.0262908935546875,-0.2218017578125,-0.31884765625,-0.054656982421875,-0.1722412109375,0.002140045166015625,-0.0390625,-0.2069091796875,-0.01641845703125,-0.22705078125,0.267333984375,0.07574462890625,-0.1387939453125,-0.052947998046875,-0.2169189453125,0.11322021484375,-0.2247314453125,-0.0081329345703125,0.0845947265625,-0.03564453125,-0.0304107666015625,-0.389404296875,-0.3115234375,0.022430419921875,-0.384521484375,-0.091064453125,0.19677734375,0.0079345703125,-0.0277252197265625,-0.058563232421875,0.2296142578125,-0.430908203125,-0.2430419921875,-0.515625,-0.1170654296875,0.15576171875,-0.32861328125,-0.0224456787109375,0.1832275390625,0.13916015625,0.03179931640625,0.178466796875,-0.288818359375,0.03607177734375,-0.266357421875,0.060302734375,0.273193359375,-0.039306640625,0.0576171875,0.222900390625,-0.03350830078125,-0.237060546875,0.0638427734375,-0.10345458984375,0.2120361328125
0.2257080078125,0.117431640625,-0.08123779296875,0.07952880859375,0.1876220703125,0.0859375,0.077880859375,-0.33251953125,0.1900634765625,0.007843017578125,-0.16259765625,0.06585693359375,-0.2462158203125,0.236572265625,0.216796875,-0.2034912109375,0.10089111328125,0.217041015625,-0.39501953125,0.37890625,0.055419921875,0.10931396484375,-0.158203125,-0.179443359375,-0.1375732421875,0.0426025390625,-0.062225341796875,-0.11346435546875,0.22021484375,-0.06365966796875,-0.1395263671875,0.057464599609375,-0.043121337890625,-0.1419677734375,0.0282440185546875,0.25244140625,-0.08697509765625,-0.040924072265625,-0.0338134765625,0.116943359375,0.046051025390625,-0.0599365234375,-0.3154296875,-0.054229736328125,0.08648681640625,-0.0823974609375,-0.0887451171875,0.03759765625,0.274658203125,-0.11383056640625,0.1380615234375,-0.10687255859375,0.013946533203125,-0.2061767578125,0.066650390625,0.371826171875,0.1090087890625,0.1666259765625,0.074951171875,0.07598876953125,-0.1317138671875,-0.062164306640625,-0.08038330078125,0.2484130859375
0.0555419921875,0.037017822265625,0.375,-0.0191650390625,0.3779296875,-0.19580078125,-0.25439453125,-0.253173828125,0.00885772705078125,0.047149658203125,-0.3369140625,-0.005496978759765625,0.0292510986328125,0.10552978515625,0.1024169921875,-0.06500244140625,0.12005615234375,0.37353515625,-0.1727294921875,0.03875732421875,-0.0748291015625,-0.1630859375,-0.297607421875,-0.429931640625,0.044464111328125,-0.05487060546875,-0.02960205078125,0.06512451171875,0.10809326171875,0.382080078125,-0.35791015625,0.12548828125,0.25244140625,-0.1077880859375,-0.027496337890625,0.06231689453125,-0.166015625,0.0875244140625,-0.0648193359375,0.31494140625,-0.042236328125,-0.1409912109375,-0.3076171875,-0.11627197265625,0.368896484375,0.1141357421875,0.037139892578125,-0.08282470703125,0.1802978515625,0.0213165283203125,0.319580078125,-0.165283203125,0.11029052734375,0.0117950439453125,0.302490234375,0.181396484375,0.1932373046875,0.2213134765625,0.2109375,0.10382080078125,0.05987548828125,-0.320556640625,-0.217529296875,0.4140625
0.2822265625,0.01727294921875,-0.016357421875,0.2509765625,0.2423095703125,0.0151824951171875,-0.1812744140625,-0.1494140625,0.1898193359375,0.12164306640625,-0.368408203125,0.01488494873046875,-0.27099609375,0.132080078125,0.1800537109375,0.037139892578125,0.0960693359375,0.1470947265625,-0.2171630859375,0.14990234375,-0.0012788772583007812,-0.08282470703125,0.0261688232421875,-0.336669921875,-0.072265625,-0.078125,-0.0226898193359375,0.10595703125,0.18115234375,0.09429931640625,-0.2071533203125,-0.2724609375,0.1231689453125,-0.08001708984375,-0.07666015625,0.0060272216796875,-0.1846923828125,-0.0250244140625,0.06463623046875,0.1717529296875,-0.154541015625,-0.159423828125,-0.298583984375,-0.1497802734375,0.00899505615234375,-0.072021484375,0.10089111328125,-0.1676025390625,0.17724609375,0.1456298828125,0.1041259765625,-0.207275390625,0.08563232421875,-0.170166015625,0.08526611328125,0.327880859375,-0.140869140625,-0.00632476806640625,0.1461181640625,0.04400634765625,-0.1717529296875,-0.034454345703125,-0.1949462890625,0.2626953125
0.1351318359375,0.030059814453125,0.0362548828125,0.1341552734375,0.234619140625,0.08465576171875,-0.135009765625,-0.25732421875,0.1219482421875,-0.023101806640625,-0.2020263671875,-0.225830078125,-0.1846923828125,0.2034912109375,-0.0159759521484375,-0.133056640625,-0.026214599609375,0.14453125,-0.2020263671875,0.263671875,0.134521484375,-0.277099609375,-0.361572265625,-0.453369140625,0.04534912109375,-0.0010004043579101562,0.174072265625,0.09649658203125,-0.0927734375,0.09197998046875,-0.4599609375,-0.1829833984375,0.06036376953125,-0.3974609375,0.00667572021484375,0.00021636486053466797,-0.05670166015625,0.0662841796875,0.031982421875,0.0943603515625,-0.09521484375,-0.318359375,-0.525390625,0.0240020751953125,0.41259765625,-0.016265869140625,0.2054443359375,-0.156005859375,0.31396484375,-0.042236328125,0.139892578125,-0.08831787109375,0.08123779296875,-0.2449951171875,0.09417724609375,0.2113037109375,0.07208251953125,0.2724609375,0.023345947265625,-0.043975830078125,-0.0249176025390625,0.1923828125,-0.035491943359375,0.21875
0.10333251953125,-0.027862548828125,0.072998046875,-0.040069580078125,0.411376953125,-0.10693359375,-0.1944580078125,-0.025970458984375,0.0034999847412109375,-0.55224609375,-0.051513671875,0.0670166015625,-0.0017690658569335938,0.005832672119140625,0.1298828125,-0.1492919921875,-0.1827392578125,0.1739501953125,-0.22412109375,0.08502197265625,0.0831298828125,-0.28271484375,0.1031494140625,-0.319580078125,0.33740234375,0.128662109375,-0.18310546875,-0.0013799667358398438,-0.1173095703125,0.243408203125,-0.046051025390625,-0.112548828125,-0.07550048828125,-0.28564453125,0.07464599609375,0.1109619140625,-0.2095947265625,0.0159149169921875,-0.1976318359375,0.249755859375,-0.043731689453125,0.1822509765625,-0.63818359375,0.0291595458984375,0.1875,0.2998046875,-0.14404296875,0.07928466796875,0.430419921875,-0.12249755859375,0.30859375,0.11309814453125,0.01180267333984375,-0.043365478515625,0.3583984375,0.36181640625,-0.20263671875,-0.1038818359375,0.335693359375,0.1534423828125,-0.01763916015625,-0.047332763671875,-0.20068359375,0.1649169921875
0.405029296875,0.0733642578125,0.07720947265625,-0.1949462890625,0.373779296875,0.284912109375,-0.1632080078125,-0.55224609375,0.1279296875,-0.125,-0.451416015625,-0.226318359375,-0.163818359375,0.054443359375,0.09954833984375,0.0703125,0.1685791015625,0.219482421875,-0.271484375,0.343994140625,0.0452880859375,-0.1556396484375,-0.142822265625,-0.1192626953125,-0.03839111328125,0.018768310546875,0.1253662109375,0.0238800048828125,-0.1173095703125,-0.084716796875,-0.251220703125,-0.03802490234375,-0.135986328125,-0.125244140625,-0.01131439208984375,-0.153564453125,0.15576171875,-0.147705078125,0.1134033203125,0.146240234375,-0.1488037109375,-0.38330078125,-0.1378173828125,0.270751953125,0.2176513671875,-0.1063232421875,-0.16259765625,-0.05267333984375,0.294677734375,-0.07904052734375,0.1400146484375,-0.0014247894287109375,0.08648681640625,-0.07733154296875,-0.027557373046875,0.33984375,-0.0174102783203125,0.0670166015625,0.10235595703125,0.2236328125,-0.23291015625,-0.1025390625,-0.08880615234375,0.0848388671875
0.055328369140625,0.2958984375,0.0869140625,-0.1708984375,0.1820068359375,0.040802001953125,-0.1724853515625,-0.40966796875,0.0997314453125,-0.36865234375,-0.07415771484375,-0.254150390625,-0.1710205078125,-0.007167816162109375,0.1856689453125,-0.07977294921875,0.04205322265625,0.112060546875,-0.238037109375,0.332275390625,0.126953125,-0.4951171875,-0.018768310546875,-0.435791015625,-0.0036411285400390625,-0.1412353515625,0.2415771484375,0.166259765625,0.06494140625,0.4140625,-0.300048828125,-0.147705078125,-0.0723876953125,-0.10833740234375,-0.0166015625,-0.06475830078125,0.037322998046875,-0.0498046875,0.311279296875,0.005115509033203125,-0.1619873046875,-0.358154296875,-0.443603515625,-0.1429443359375,0.03790283203125,-0.135986328125,-0.038543701171875,-0.202392578125,0.12457275390625,0.262451171875,0.207763671875,-0.174560546875,-0.008758544921875,-0.4501953125,0.158203125,0.310546875,-0.01215362548828125,0.2066650390625,0.0360107421875,0.1226806640625,-0.1956787109375,-0.067626953125,-0.109619140625,0.1806640625
0.1556396484375,0.05133056640625,0.00392913818359375,-0.264892578125,0.3564453125,0.08197021484375,-0.2293701171875,-0.426513671875,0.05035400390625,-0.1285400390625,0.125732421875,-0.225830078125,0.11187744140625,-0.095947265625,-0.07568359375,-0.129150390625,0.10809326171875,0.1934814453125,-0.23876953125,0.30322265625,0.1436767578125,-0.310302734375,-0.1864013671875,-0.267578125,0.1446533203125,0.07562255859375,0.0927734375,-0.10894775390625,-0.1387939453125,0.255126953125,-0.275390625,-0.17578125,-0.1536865234375,-0.358154296875,-0.06231689453125,0.0255279541015625,0.218017578125,0.0167083740234375,0.06256103515625,0.427734375,-0.0869140625,-0.189453125,-0.42041015625,0.075439453125,0.251220703125,-0.13037109375,-0.06719970703125,0.1578369140625,0.298095703125,-0.17041015625,0.1734619140625,-0.2108154296875,0.17578125,-0.034820556640625,-0.043731689453125,0.10504150390625,0.0843505859375,0.330322265625,0.0701904296875,0.10113525390625,0.0322265625,-0.08880615234375,-0.064697265625,-0.228759765625
0.2086181640625,0.420654296875,-0.223876953125,0.1953125,0.112548828125,0.0180511474609375,0.178955078125,-0.0457763671875,0.08172607421875,0.05517578125,-0.185791015625,0.1260986328125,-0.33447265625,0.0780029296875,0.193603515625,-0.10235595703125,-0.1253662109375,0.216796875,-0.1395263671875,0.15234375,0.06024169921875,-0.220703125,-0.038238525390625,-0.43505859375,-0.0268096923828125,0.07891845703125,-0.106689453125,-0.11260986328125,0.2322998046875,0.0167388916015625,-0.129150390625,-0.047882080078125,-0.1322021484375,-0.374267578125,-0.082763671875,0.290283203125,0.0648193359375,-0.2271728515625,-0.2381591796875,0.2431640625,0.036865234375,-0.11029052734375,-0.484375,-0.06890869140625,0.21142578125,0.021453857421875,0.044281005859375,0.122314453125,0.3232421875,0.11590576171875,0.265869140625,0.1337890625,-0.0279083251953125,-0.26123046875,0.0531005859375,0.30810546875,-0.222412109375,0.0220489501953125,0.397216796875,-0.1358642578125,-0.0692138671875,0.10723876953125,-0.032989501953125,0.368408203125
0.104248046875,0.093994140625,0.1396484375,0.0035915374755859375,0.35546875,-0.07415771484375,-0.103271484375,-0.337890625,0.032684326171875,-0.43017578125,-0.23779296875,0.2237548828125,-0.05328369140625,0.200439453125,0.012969970703125,0.026092529296875,-0.1661376953125,-0.0223236083984375,-0.107421875,0.1661376953125,0.091552734375,-0.3603515625,0.0241546630859375,-0.1649169921875,0.3125,0.392822265625,-0.165283203125,0.1033935546875,0.19921875,0.2413330078125,-0.1641845703125,0.0645751953125,-0.1873779296875,-0.1422119140625,-0.056640625,-0.05889892578125,-0.09588623046875,-0.1229248046875,-0.08056640625,0.0927734375,-0.1070556640625,0.03460693359375,-0.325439453125,0.09442138671875,0.278564453125,0.028717041015625,0.1201171875,0.00762939453125,0.240478515625,-0.12091064453125,0.06671142578125,0.0255279541015625,0.00994110107421875,-0.047149658203125,-0.10235595703125,0.5947265625,-0.023712158203125,-0.2037353515625,0.30224609375,0.10296630859375,-0.30712890625,0.0147552490234375,-0.09112548828125,0.196533203125
0.2476806640625,0.1390380859375,0.27099609375,-0.306884765625,0.372314453125,-0.2587890625,-0.260498046875,-0.4853515625,-0.261962890625,-0.10614013671875,-0.27099609375,0.300537109375,-0.195556640625,0.350341796875,-0.06976318359375,0.026885986328125,-0.12841796875,0.1885986328125,-0.42333984375,0.28955078125,0.143798828125,-0.11566162109375,0.26025390625,-0.313232421875,0.1861572265625,0.1087646484375,0.078369140625,-0.2286376953125,-0.044342041015625,0.09600830078125,-0.25,0.07745361328125,0.0582275390625,-0.12744140625,-0.1011962890625,0.0916748046875,-0.00659942626953125,-0.176513671875,0.06964111328125,0.30126953125,-0.0697021484375,-0.216552734375,-0.425537109375,0.1075439453125,0.1610107421875,0.086669921875,0.1669921875,0.15087890625,0.293212890625,-0.464111328125,0.2174072265625,0.30712890625,0.06854248046875,0.07708740234375,0.304443359375,0.46630859375,-0.205322265625,0.340576171875,0.3828125,0.31787109375,-0.1781005859375,-0.2227783203125,-0.174560546875,-0.10614013671875
0.1805419921875,0.0194854736328125,-0.10791015625,-0.1092529296875,0.51416015625,0.0321044921875,-0.263427734375,-0.1572265625,0.2568359375,-0.1461181640625,-0.241455078125,-0.33251953125,-0.08642578125,-0.25048828125,-0.03375244140625,0.06817626953125,0.060943603515625,0.10198974609375,-0.140625,0.334228515625,-0.15869140625,-0.319091796875,-0.1348876953125,-0.1766357421875,-0.024993896484375,-0.2412109375,0.0018558502197265625,0.040924072265625,-0.031982421875,0.30517578125,-0.44140625,-0.33203125,-0.0019931793212890625,-0.2496337890625,-0.01345062255859375,-0.098876953125,-0.051300048828125,-0.01166534423828125,0.0662841796875,0.2467041015625,-0.1468505859375,-0.4345703125,-0.64208984375,-0.1890869140625,0.071044921875,-0.1956787109375,-0.161376953125,0.04461669921875,0.19140625,0.1429443359375,0.1968994140625,-0.34716796875,0.03778076171875,-0.29345703125,0.032501220703125,0.3359375,-0.0098114013671875,-0.01369476318359375,0.05133056640625,-0.0467529296875,-0.293212890625,-0.044036865234375,-0.246826171875,-0.005756378173828125
0.1275634765625,0.1016845703125,0.1790771484375,-0.125732421875,0.259033203125,-0.09381103515625,-0.1295166015625,-0.236572265625,0.1361083984375,-0.07208251953125,-0.1776123046875,0.120849609375,0.06982421875,-0.059295654296875,0.2427978515625,0.067138671875,-0.06976318359375,0.14306640625,-0.33984375,0.097900390625,0.12841796875,-0.131591796875,0.020111083984375,-0.289306640625,0.036865234375,-0.0019235610961914062,-0.095458984375,-0.014892578125,0.1298828125,0.1279296875,-0.2418212890625,-0.056121826171875,-0.0667724609375,-0.131103515625,-0.10369873046875,0.2032470703125,0.16162109375,-0.0081787109375,-0.132568359375,0.1661376953125,-0.144287109375,-0.0080108642578125,-0.23828125,0.030853271484375,0.32861328125,-0.12445068359375,0.0067138671875,-0.04046630859375,0.216064453125,-0.2391357421875,0.0869140625,-0.11480712890625,0.074951171875,-0.1644287109375,0.09234619140625,0.262939453125,0.1888427734375,0.1307373046875,0.12939453125,0.1865234375,-0.08148193359375,-0.055877685546875,-0.10223388671875,0.2066650390625
0.087646484375,0.2005615234375,0.0438232421875,0.04486083984375,0.2379150390625,0.20068359375,-0.134521484375,0.1058349609375,0.2474365234375,-0.0772705078125,-0.415771484375,0.11383056640625,-0.09295654296875,0.092041015625,0.270751953125,0.12030029296875,-0.11822509765625,-0.18408203125,-0.0750732421875,0.19384765625,-0.1630859375,-0.41015625,0.11578369140625,-0.189453125,0.2080078125,0.07470703125,0.0157318115234375,0.01462554931640625,0.060577392578125,0.22705078125,-0.477783203125,-0.304931640625,-0.0491943359375,-0.1962890625,-0.278076171875,0.23876953125,0.0816650390625,0.043731689453125,-0.1806640625,0.2373046875,0.034393310546875,-0.0975341796875,-0.27392578125,0.07183837890625,0.228515625,-0.107666015625,0.001331329345703125,0.02374267578125,0.0028667449951171875,-0.0172119140625,0.211181640625,-0.1929931640625,0.035369873046875,-0.12371826171875,0.07061767578125,0.427734375,0.1641845703125,-0.21142578125,0.1224365234375,0.038299560546875,-0.2293701171875,0.08990478515625,-0.116943359375,0.11138916015625
0.217529296875,0.1571044921875,-0.10601806640625,0.02093505859375,0.052001953125,0.06341552734375,-0.185546875,0.0013551712036132812,-0.0262451171875,-0.1339111328125,-0.333251953125,0.2457275390625,0.0736083984375,0.03076171875,0.30908203125,0.23046875,0.06646728515625,0.2381591796875,-0.1715087890625,0.05029296875,-0.08917236328125,-0.211669921875,0.2265625,-0.0816650390625,0.141845703125,0.1663818359375,-0.318115234375,-0.088623046875,0.322021484375,0.368896484375,-0.44873046875,-0.0247955322265625,-0.05633544921875,-0.1351318359375,-0.0596923828125,0.1025390625,0.07830810546875,0.1766357421875,-0.09814453125,0.284912109375,-0.1707763671875,-0.053680419921875,-0.11956787109375,0.113525390625,0.10137939453125,-0.028411865234375,0.1876220703125,-0.345703125,0.2197265625,-0.11553955078125,0.087158203125,-0.04461669921875,-0.061767578125,0.109375,0.08441162109375,0.36376953125,0.07904052734375,-0.0248565673828125,0.06292724609375,0.0816650390625,-0.01331329345703125,0.0645751953125,0.051544189453125,0.044769287109375
0.1614990234375,0.1529541015625,-0.00106048583984375,-0.198974609375,0.119873046875,-0.2091064453125,-0.31103515625,-0.3154296875,0.042938232421875,-0.1700439453125,-0.1031494140625,0.1414794921875,-0.0711669921875,0.142333984375,0.10076904296875,0.0660400390625,-0.1116943359375,-0.024017333984375,-0.381103515625,0.329345703125,-0.04400634765625,-0.11553955078125,0.2286376953125,-0.10498046875,0.16650390625,0.03851318359375,-0.08929443359375,-0.430419921875,-0.0560302734375,0.10845947265625,-0.201171875,-0.1187744140625,-0.04937744140625,-0.1793212890625,0.038055419921875,0.1728515625,0.19140625,0.1884765625,0.019683837890625,0.238037109375,0.09228515625,0.0251007080078125,-0.1761474609375,0.059722900390625,0.35693359375,-0.264892578125,-0.103759765625,0.206787109375,0.1181640625,-0.286865234375,0.31787109375,-0.048858642578125,0.1640625,-0.11492919921875,0.08514404296875,0.1531982421875,-0.041229248046875,-0.033660888671875,0.0877685546875,0.2049560546875,-0.1728515625,0.11834716796875,-0.0985107421875,-0.0975341796875
0.077880859375,0.26904296875,-0.104248046875,-0.05169677734375,0.3369140625,0.0838623046875,-0.42529296875,-0.22412109375,0.42919921875,0.0203094482421875,-0.304931640625,-0.0931396484375,-0.0960693359375,-0.051910400390625,0.253173828125,0.20703125,0.10467529296875,-0.033721923828125,-0.1326904296875,0.0251312255859375,0.09381103515625,-0.008270263671875,-0.1541748046875,-0.1497802734375,0.1102294921875,0.05450439453125,-0.1546630859375,0.045623779296875,-0.045257568359375,0.1754150390625,-0.3505859375,-0.136474609375,-0.1319580078125,-0.29833984375,0.0009760856628417969,0.06475830078125,0.0830078125,0.1832275390625,0.10247802734375,0.01471710205078125,-0.117919921875,-0.443359375,-0.456298828125,0.057464599609375,0.399658203125,-0.1739501953125,-0.018280029296875,-0.33154296875,0.21484375,0.04644775390625,0.1468505859375,-0.14013671875,0.0283050537109375,0.083740234375,0.283203125,0.325439453125,-0.0174102783203125,0.1456298828125,-0.186279296875,0.053314208984375,-0.0694580078125,0.0911865234375,-0.00847625732421875,0.310791015625
0.3310546875,-0.0276947021484375,-0.263427734375,0.279052734375,0.35546875,-0.0186004638671875,-0.23681640625,0.1510009765625,0.38134765625,0.028564453125,-0.40234375,-0.261962890625,-0.2432861328125,-0.11004638671875,0.07421875,0.123046875,0.022674560546875,-0.0367431640625,-0.154296875,0.24658203125,-0.23779296875,0.10430908203125,-0.0309600830078125,-0.1356201171875,0.00011205673217773438,-0.3193359375,-0.06268310546875,0.046112060546875,0.0117034912109375,-0.0765380859375,-0.28076171875,-0.08819580078125,0.1158447265625,-0.2161865234375,-0.1417236328125,0.0150299072265625,-0.12353515625,0.2017822265625,-0.0887451171875,0.0770263671875,-0.30712890625,-0.275390625,-0.3642578125,-0.1925048828125,0.21337890625,-0.2415771484375,-0.21728515625,-0.10662841796875,0.225341796875,-0.0139007568359375,0.00634002685546875,-0.366943359375,-0.06988525390625,0.1536865234375,-0.083740234375,0.63134765625,0.12353515625,-0.427490234375,-0.1451416015625,-0.2215576171875,-0.4189453125,0.1571044921875,-0.2384033203125,0.290283203125
0.01389312744140625,-0.048187255859375,-0.00997161865234375,0.07470703125,0.244140625,0.06781005859375,-0.337646484375,0.1156005859375,0.446533203125,-0.049346923828125,-0.552734375,0.1588134765625,-0.2088623046875,-0.01442718505859375,0.302490234375,-0.08148193359375,-0.1044921875,-0.146484375,-0.0809326171875,0.040252685546875,-0.10955810546875,-0.2117919921875,-0.2437744140625,-0.321533203125,-0.162353515625,0.17041015625,-0.06414794921875,-0.0015621185302734375,0.2021484375,0.186767578125,-0.2275390625,-0.225341796875,-0.1646728515625,-0.06854248046875,0.00775146484375,0.0726318359375,-0.02862548828125,-0.005039215087890625,0.0977783203125,0.03289794921875,0.01447296142578125,-0.2042236328125,-0.218017578125,0.00014472007751464844,0.08551025390625,-0.053497314453125,-0.043670654296875,-0.06646728515625,0.1898193359375,-0.138427734375,-0.09271240234375,-0.2191162109375,0.164306640625,-0.012451171875,0.0318603515625,0.57421875,0.09307861328125,-0.117919921875,0.018280029296875,0.053131103515625,-0.02764892578125,0.20849609375,-0.1199951171875,0.2568359375
-0.00858306884765625,0.314208984375,0.131591796875,-0.1544189453125,0.265380859375,0.1197509765625,-0.326904296875,-0.336669921875,0.1761474609375,-0.21533203125,-0.1871337890625,-0.110595703125,-0.015380859375,-0.00836944580078125,0.044158935546875,0.1785888671875,-0.1297607421875,0.09332275390625,-0.151123046875,0.198486328125,-0.041473388671875,-0.1390380859375,-0.075439453125,-0.236572265625,0.162109375,-0.0208587646484375,0.033447265625,0.031585693359375,-0.048858642578125,0.19189453125,-0.322509765625,-0.3212890625,0.006671905517578125,-0.1942138671875,-0.167724609375,0.03448486328125,0.157470703125,0.0295562744140625,0.03741455078125,0.1917724609375,-0.1175537109375,-0.181640625,-0.388671875,-0.023529052734375,0.327880859375,-0.0626220703125,-0.056793212890625,0.023193359375,-0.07879638671875,0.05206298828125,0.1470947265625,-0.041259765625,0.2110595703125,0.0016126632690429688,0.1551513671875,0.1478271484375,-0.0906982421875,0.0816650390625,0.03179931640625,0.257080078125,-0.1243896484375,0.08892822265625,-0.0267181396484375,0.1400146484375
0.09747314453125,0.0023326873779296875,0.243896484375,-0.058685302734375,0.25341796875,-0.11334228515625,-0.0278778076171875,-0.254638671875,0.192626953125,-0.12432861328125,-0.15185546875,0.1051025390625,-0.041412353515625,0.004367828369140625,0.101806640625,-0.0024585723876953125,0.0697021484375,0.10595703125,-0.32568359375,0.1619873046875,0.318115234375,-0.10833740234375,-0.209716796875,-0.347412109375,0.10797119140625,0.01861572265625,0.056976318359375,0.044036865234375,0.10638427734375,0.1751708984375,-0.2197265625,-0.0877685546875,0.0125274658203125,-0.238037109375,0.1336669921875,0.2232666015625,0.006885528564453125,-0.1746826171875,0.040985107421875,0.131591796875,0.0013866424560546875,-0.1785888671875,-0.373046875,-0.1478271484375,0.282470703125,-0.1422119140625,0.057952880859375,0.031951904296875,0.1878662109375,-0.0596923828125,0.15625,-0.05108642578125,0.10394287109375,-0.317138671875,0.14013671875,0.1646728515625,-0.08367919921875,0.1563720703125,0.250244140625,0.25439453125,-0.0141754150390625,-0.08477783203125,-0.11962890625,0.379150390625
0.2109375,-0.323486328125,0.2880859375,-0.26611328125,0.13232421875,-0.1654052734375,0.04913330078125,-0.345703125,0.2169189453125,-0.00971221923828125,-0.56640625,-0.1597900390625,-0.26806640625,0.69091796875,0.08551025390625,-0.06170654296875,-0.04461669921875,0.361328125,0.061065673828125,0.67578125,-0.1221923828125,-0.6005859375,0.023681640625,-0.5419921875,-0.2646484375,-0.1365966796875,0.51123046875,-0.10650634765625,-0.017822265625,-0.009796142578125,-0.75,-0.138671875,0.335693359375,-0.0908203125,0.022216796875,0.06866455078125,-0.50634765625,0.20361328125,0.1170654296875,0.12310791015625,0.1439208984375,-0.52978515625,-0.488037109375,0.05169677734375,0.266845703125,-0.10205078125,0.007343292236328125,-0.004856109619140625,0.26953125,-0.310791015625,0.22412109375,0.031341552734375,0.0657958984375,-0.62890625,0.087158203125,0.313232421875,0.83642578125,0.314453125,-0.319580078125,-0.0301513671875,-0.14013671875,0.342529296875,-0.11968994140625,0.138671875
0.306640625,0.1597900390625,0.1934814453125,-0.0684814453125,0.39501953125,-0.0015687942504882812,-0.135986328125,-0.48486328125,-0.160888671875,-0.2354736328125,-0.328857421875,0.04986572265625,-0.1890869140625,0.107666015625,0.1553955078125,0.11785888671875,0.0699462890625,0.147705078125,-0.09393310546875,0.30712890625,0.0667724609375,-0.19677734375,0.141845703125,-0.1295166015625,-0.0947265625,0.1373291015625,-0.1234130859375,-0.09783935546875,-0.006317138671875,0.12274169921875,-0.310791015625,0.11138916015625,-0.1622314453125,-0.06390380859375,0.151123046875,-0.056396484375,0.2205810546875,-0.1649169921875,0.10723876953125,-0.0181427001953125,-0.084716796875,-0.0804443359375,-0.1435546875,0.273681640625,0.2418212890625,0.1673583984375,0.05535888671875,-0.07940673828125,0.188720703125,-0.37060546875,0.007354736328125,-0.044403076171875,-0.014404296875,-0.048614501953125,0.002613067626953125,0.488525390625,0.1429443359375,0.02484130859375,-0.06756591796875,0.19970703125,-0.2578125,-0.0182952880859375,0.06585693359375,0.13818359375
0.028350830078125,0.1715087890625,0.10467529296875,-0.13525390625,0.135986328125,0.1146240234375,-0.040191650390625,-0.11767578125,0.1787109375,0.22119140625,-0.250244140625,-0.0220947265625,-0.222900390625,0.187255859375,0.1800537109375,0.0266571044921875,0.0024356842041015625,0.36767578125,-0.252197265625,-0.0703125,0.02789306640625,-0.258544921875,-0.116455078125,-0.17919921875,0.055938720703125,0.11907958984375,0.072509765625,-0.183837890625,0.391845703125,0.257080078125,-0.3369140625,0.2298583984375,-0.10540771484375,-0.250244140625,-0.0232086181640625,0.1331787109375,0.05157470703125,0.000713348388671875,-0.042388916015625,0.2237548828125,0.053375244140625,-0.1661376953125,-0.412353515625,-0.2724609375,0.0726318359375,0.031402587890625,0.27587890625,-0.229248046875,0.30517578125,0.032958984375,0.451416015625,0.102783203125,-0.04046630859375,-0.32177734375,0.1605224609375,0.2041015625,-0.426513671875,0.1842041015625,0.2440185546875,0.0189666748046875,-0.10589599609375,-0.1236572265625,-0.030792236328125,0.1951904296875
0.363525390625,0.282958984375,-0.2587890625,0.0955810546875,0.2269287109375,-0.0309295654296875,-0.2568359375,-0.0259552001953125,-0.2484130859375,0.10247802734375,-0.1632080078125,-0.11175537109375,-0.2135009765625,0.29150390625,0.00838470458984375,0.304443359375,-0.0125885009765625,0.254150390625,-0.182861328125,0.41015625,-0.13916015625,-0.340576171875,-0.0026683807373046875,-0.28564453125,-0.003849029541015625,-0.0209197998046875,-0.048248291015625,-0.196044921875,0.06890869140625,0.1795654296875,-0.3388671875,-0.3525390625,-0.14599609375,-0.36376953125,-0.1416015625,-0.0985107421875,0.023834228515625,-0.235107421875,-0.06170654296875,0.314453125,-0.218994140625,-0.394287109375,-0.27587890625,-0.14453125,0.0911865234375,-0.1392822265625,-0.03411865234375,0.08642578125,0.1551513671875,0.21337890625,0.1685791015625,0.1832275390625,0.0242767333984375,0.017333984375,-0.09521484375,0.2393798828125,-0.2315673828125,0.01436614990234375,0.0260009765625,-0.221435546875,-0.183349609375,-0.09735107421875,-0.289306640625,0.1666259765625
-0.0750732421875,-0.03021240234375,-0.03912353515625,0.14208984375,0.348876953125,0.10833740234375,-0.0843505859375,-0.2353515625,0.210205078125,-0.1944580078125,-0.447509765625,-0.052886962890625,-0.427978515625,-0.06927490234375,0.295166015625,-0.010894775390625,-0.09625244140625,0.0850830078125,-0.1083984375,0.202392578125,-0.1090087890625,-0.262939453125,-0.215087890625,-0.56494140625,-0.2012939453125,-0.06927490234375,0.0450439453125,0.0784912109375,0.0748291015625,0.251220703125,-0.1395263671875,-0.296630859375,-0.037017822265625,-0.1153564453125,-0.07379150390625,-0.1470947265625,-0.06170654296875,-0.18896484375,0.1865234375,0.046478271484375,-0.040985107421875,-0.158203125,-0.292236328125,-0.2144775390625,0.1007080078125,-0.07464599609375,-0.001071929931640625,-0.09161376953125,0.068359375,-0.057342529296875,0.1815185546875,-0.47509765625,0.1976318359375,-0.034027099609375,0.1942138671875,0.37451171875,-0.00359344482421875,0.056884765625,0.1295166015625,-0.03240966796875,0.09088134765625,-0.068115234375,-0.0830078125,0.1312255859375
0.2406005859375,-0.1300048828125,-0.301513671875,-0.081787109375,0.296875,-0.1478271484375,-0.04443359375,0.001941680908203125,0.220703125,-0.368408203125,-0.346923828125,0.151123046875,-0.0911865234375,0.33544921875,0.330322265625,0.14208984375,0.0992431640625,-0.244384765625,-0.0244598388671875,0.444580078125,0.074462890625,-0.266845703125,0.384033203125,-0.10699462890625,0.0306549072265625,0.0194091796875,-0.1376953125,-0.47119140625,-0.1849365234375,0.054046630859375,-0.303955078125,-0.52587890625,0.408447265625,0.1072998046875,0.045501708984375,0.15625,-0.266845703125,0.34521484375,0.1273193359375,0.1802978515625,0.1600341796875,0.09521484375,0.17333984375,0.06610107421875,0.390380859375,0.303955078125,-0.36328125,-0.0665283203125,-0.30859375,-0.5107421875,-0.0728759765625,-0.08331298828125,0.133544921875,-0.11212158203125,0.1676025390625,0.279052734375,0.21044921875,-0.468994140625,-0.20751953125,-0.044219970703125,-0.436767578125,0.197021484375,0.1728515625,0.251220703125
0.410400390625,0.62255859375,0.34814453125,-0.59423828125,0.68994140625,-0.85009765625,-0.299072265625,-0.4453125,-0.2232666015625,-0.068359375,-0.107666015625,-0.1409912109375,0.1199951171875,0.277099609375,-0.1668701171875,0.319091796875,0.287353515625,0.5986328125,0.07037353515625,0.283203125,-0.397216796875,-1.072265625,0.290283203125,-0.51513671875,0.328125,-0.184814453125,-0.2161865234375,0.035308837890625,0.261474609375,0.65234375,-0.430908203125,0.021209716796875,-0.13427734375,0.04315185546875,-0.4951171875,-0.50146484375,-0.08746337890625,0.24169921875,0.061370849609375,0.33935546875,-0.048583984375,-0.1295166015625,-0.49853515625,-0.305908203125,0.25,-0.38720703125,-0.38037109375,0.10546875,-0.6728515625,0.16796875,0.63134765625,0.19287109375,-0.0989990234375,-0.085205078125,0.50439453125,0.11761474609375,0.2220458984375,0.21484375,-0.2156982421875,0.06585693359375,0.156494140625,-0.63427734375,-0.5234375,0.304443359375
0.00860595703125,0.02923583984375,-0.1480712890625,-0.11956787109375,0.20361328125,0.15478515625,-0.0487060546875,-0.2734375,0.09466552734375,-0.193115234375,-0.15283203125,-0.438720703125,-0.0675048828125,-0.1822509765625,0.177978515625,0.1207275390625,-0.004398345947265625,0.228515625,-0.250244140625,0.283203125,-0.1517333984375,0.024627685546875,-0.09649658203125,-0.1392822265625,0.09393310546875,-0.1905517578125,0.1732177734375,-0.08306884765625,-0.050628662109375,0.33056640625,-0.08551025390625,0.00148773193359375,0.08673095703125,-0.28076171875,0.07763671875,0.10284423828125,0.1439208984375,0.08245849609375,0.0413818359375,0.096435546875,-0.08380126953125,-0.060150146484375,-0.259521484375,0.0021114349365234375,0.3017578125,-0.17919921875,-0.170166015625,0.018524169921875,0.0802001953125,-0.016571044921875,0.299560546875,-0.327392578125,0.14697265625,-0.157470703125,-0.0904541015625,0.1937255859375,-0.030120849609375,0.04736328125,-0.052734375,0.255615234375,-0.10992431640625,-0.07330322265625,-0.0469970703125,0.00809478759765625
0.2220458984375,0.2034912109375,0.0190582275390625,0.0252532958984375,0.197265625,-0.1265869140625,-0.23095703125,-0.1884765625,-0.234375,0.03009033203125,-0.205322265625,0.0631103515625,-0.184814453125,0.25244140625,-0.09222412109375,0.07171630859375,-0.1405029296875,0.1800537109375,-0.364501953125,0.317138671875,0.1104736328125,-0.281982421875,0.038238525390625,-0.29541015625,0.138916015625,0.045623779296875,-0.129638671875,-0.12127685546875,-0.00617218017578125,0.11309814453125,-0.1988525390625,-0.252685546875,0.10699462890625,-0.2359619140625,-0.1849365234375,0.06243896484375,0.2210693359375,-0.050323486328125,-0.001590728759765625,0.24365234375,-0.0076141357421875,-0.11517333984375,-0.44580078125,-0.05804443359375,0.150146484375,-0.0296478271484375,0.1285400390625,0.0908203125,0.25048828125,-0.10699462890625,0.09490966796875,-0.12017822265625,0.285888671875,-0.1187744140625,0.08697509765625,0.27099609375,-0.1883544921875,0.1009521484375,0.335205078125,0.038970947265625,-0.2174072265625,0.0149993896484375,-0.1854248046875,-0.056182861328125
-0.246826171875,0.125244140625,-0.1475830078125,0.1085205078125,0.2080078125,0.1611328125,-0.336669921875,-0.09613037109375,0.2763671875,-0.2431640625,-0.027435302734375,-0.1959228515625,-0.0439453125,0.0265960693359375,0.10943603515625,-0.228759765625,-0.33056640625,0.1092529296875,-0.0202789306640625,-0.02166748046875,0.184814453125,-0.1815185546875,-0.211181640625,-0.335205078125,0.0699462890625,0.280517578125,0.057586669921875,-0.02557373046875,0.0880126953125,0.06646728515625,-0.5625,-0.1346435546875,-0.336181640625,-0.3564453125,0.0019855499267578125,0.12066650390625,-0.0014362335205078125,-0.1597900390625,0.1007080078125,0.1956787109375,-0.38037109375,-0.006511688232421875,-0.5029296875,-0.093994140625,0.263427734375,0.00496673583984375,-0.141357421875,-0.071044921875,0.23486328125,0.312255859375,0.263427734375,0.0138092041015625,0.0212554931640625,-0.405029296875,0.173828125,0.174072265625,-0.1453857421875,0.2408447265625,0.1483154296875,-0.1502685546875,-0.077392578125,0.016448974609375,-0.0164337158203125,0.128662109375
0.280029296875,0.2357177734375,0.11639404296875,0.158203125,0.2330322265625,-0.0888671875,0.298828125,0.1058349609375,0.027923583984375,0.045013427734375,-0.308349609375,0.036956787109375,-0.282958984375,-0.01348114013671875,0.355224609375,-0.042877197265625,-0.369873046875,0.275634765625,-0.09149169921875,0.043182373046875,0.032989501953125,-0.2802734375,0.177490234375,-0.6015625,-0.04986572265625,0.00897216796875,-0.361572265625,-0.0035839080810546875,0.0992431640625,0.1585693359375,-0.266845703125,-0.27978515625,0.128173828125,-0.2344970703125,-0.1009521484375,0.24169921875,0.133544921875,-0.2705078125,-0.2200927734375,0.296142578125,0.2227783203125,0.053466796875,-0.43310546875,0.09869384765625,0.0478515625,-0.197509765625,0.09100341796875,-0.0655517578125,0.10992431640625,-0.119873046875,0.1893310546875,-0.379150390625,0.1805419921875,-0.2392578125,0.3515625,0.0204315185546875,-0.03802490234375,0.08642578125,0.6826171875,0.09100341796875,-0.33349609375,0.2061767578125,-0.222412109375,0.40234375
0.379150390625,0.0975341796875,-0.1749267578125,0.2427978515625,0.1700439453125,0.00591278076171875,-0.1795654296875,0.10382080078125,0.180908203125,0.09661865234375,-0.393798828125,-0.0545654296875,-0.287841796875,-0.02008056640625,0.26806640625,0.163818359375,-0.0178375244140625,0.01165008544921875,-0.2308349609375,0.364013671875,-0.1671142578125,-0.07794189453125,0.1829833984375,-0.213623046875,-0.0985107421875,-0.2320556640625,-0.2236328125,-0.053802490234375,0.259033203125,0.00925445556640625,-0.25634765625,-0.11981201171875,-0.02777099609375,-0.141845703125,-0.1280517578125,0.13916015625,0.020263671875,-0.0731201171875,-0.03802490234375,0.1717529296875,-0.292724609375,-0.269775390625,-0.2314453125,-0.2364501953125,-0.09588623046875,-0.337158203125,0.0105438232421875,-0.09478759765625,0.224365234375,0.041839599609375,-0.10235595703125,-0.388671875,-0.09197998046875,-0.0238037109375,-0.1402587890625,0.5263671875,-0.0307769775390625,-0.25439453125,0.1318359375,-0.0914306640625,-0.392333984375,0.0012073516845703125,-0.240234375,0.276611328125
-0.1903076171875,0.2147216796875,-0.043701171875,-0.01418304443359375,0.406005859375,0.06829833984375,-0.042572021484375,-0.18798828125,0.1099853515625,-0.167236328125,-0.2437744140625,0.0748291015625,-0.07666015625,0.002338409423828125,0.09808349609375,-0.038665771484375,-0.120849609375,0.0275115966796875,-0.2108154296875,0.349853515625,-0.1944580078125,-0.2115478515625,-0.3369140625,-0.51513671875,0.0210418701171875,0.0192718505859375,0.1563720703125,0.25439453125,-0.1405029296875,0.058502197265625,-0.10333251953125,-0.301513671875,0.04656982421875,-0.082763671875,-0.31982421875,0.1046142578125,-0.1485595703125,-0.253662109375,-0.046783447265625,0.2388916015625,-0.1553955078125,-0.12042236328125,-0.5595703125,-0.145263671875,0.321044921875,0.1768798828125,0.136474609375,-0.1451416015625,-0.056732177734375,-0.1048583984375,0.12469482421875,-0.363037109375,0.285888671875,-0.11688232421875,0.126708984375,0.392822265625,-0.03558349609375,0.2474365234375,0.056732177734375,0.1278076171875,-0.1873779296875,0.05828857421875,-0.1805419921875,-0.00894927978515625
0.017913818359375,-0.06866455078125,0.0213165283203125,0.046783447265625,0.0472412109375,0.09783935546875,-0.2186279296875,0.222412109375,0.00969696044921875,-0.162841796875,-0.478759765625,0.267578125,0.029388427734375,0.1046142578125,0.207763671875,0.1724853515625,-0.173095703125,0.09033203125,-0.222900390625,-0.11181640625,0.024993896484375,-0.2467041015625,0.052398681640625,-0.11810302734375,0.1951904296875,0.08404541015625,-0.265625,0.06890869140625,0.313232421875,0.30712890625,-0.4423828125,-0.16748046875,0.035552978515625,-0.1171875,-0.09588623046875,0.0723876953125,-0.01042938232421875,0.2008056640625,0.003997802734375,0.19140625,-0.2369384765625,-0.11468505859375,-0.23779296875,-0.0765380859375,0.104736328125,-0.05743408203125,0.2052001953125,-0.493896484375,0.435546875,0.12939453125,0.163330078125,-0.1627197265625,0.200439453125,-0.043914794921875,0.1658935546875,0.357177734375,0.0182037353515625,0.0010766983032226562,0.248291015625,-0.13671875,-0.157470703125,0.0955810546875,-0.1207275390625,0.1268310546875
0.0272064208984375,0.182861328125,0.08111572265625,-0.1627197265625,0.10491943359375,0.103759765625,0.167236328125,-0.1689453125,0.00919342041015625,-0.366455078125,-0.0916748046875,-0.1707763671875,0.1417236328125,-0.2783203125,0.0928955078125,0.10833740234375,-0.142822265625,0.1357421875,-0.238037109375,0.294921875,0.2066650390625,-0.401123046875,0.042755126953125,-0.25439453125,0.244873046875,-0.176513671875,0.1263427734375,0.2451171875,0.037078857421875,0.313232421875,-0.296875,-0.259521484375,0.1495361328125,-0.215087890625,-0.0609130859375,0.1676025390625,0.20751953125,-0.126708984375,0.277587890625,-0.00823974609375,-0.2437744140625,-0.271728515625,-0.38330078125,-0.04541015625,0.12213134765625,-0.1407470703125,0.1290283203125,-0.1468505859375,0.15478515625,0.09649658203125,0.13427734375,-0.2244873046875,-0.05169677734375,-0.2841796875,-0.0347900390625,0.1136474609375,0.12310791015625,0.1885986328125,0.09716796875,0.298095703125,-0.0933837890625,0.087158203125,0.1488037109375,0.287109375
0.1185302734375,0.05615234375,-0.0163421630859375,-0.2398681640625,0.5947265625,0.266357421875,-0.1337890625,-0.1927490234375,0.01042938232421875,-0.11651611328125,-0.1317138671875,-0.038421630859375,0.161865234375,0.159423828125,-0.0164642333984375,0.218994140625,0.3232421875,0.288330078125,-0.491455078125,0.521484375,0.2286376953125,-0.199462890625,-0.280517578125,-0.29638671875,-0.0731201171875,-0.351806640625,-0.044921875,0.01389312744140625,0.353759765625,-0.038818359375,-0.252685546875,-0.52734375,-0.04742431640625,-0.045074462890625,-0.0709228515625,-0.1219482421875,-0.1470947265625,-0.20654296875,0.1778564453125,0.123779296875,0.01360321044921875,-0.40625,-0.210205078125,-0.367919921875,-0.049957275390625,-0.34521484375,-0.051666259765625,-0.2421875,0.08099365234375,0.0838623046875,-0.0469970703125,-0.2958984375,0.342041015625,-0.2430419921875,0.1715087890625,-0.04730224609375,0.0088348388671875,0.53515625,0.21826171875,0.301025390625,-0.07037353515625,-0.04656982421875,-0.0966796875,0.30810546875
0.072509765625,0.051422119140625,0.398193359375,-0.2427978515625,0.310546875,0.031646728515625,-0.560546875,-0.182861328125,-0.07861328125,0.25,-0.30517578125,0.11865234375,0.2069091796875,0.314208984375,0.462158203125,0.005096435546875,-0.266357421875,-0.25,-0.32861328125,0.055999755859375,-0.257568359375,-0.2099609375,-0.1680908203125,-0.270263671875,-0.10650634765625,0.2342529296875,-0.13720703125,-0.087158203125,0.1905517578125,0.2286376953125,-0.6005859375,0.1800537109375,-0.31640625,0.08074951171875,0.37890625,0.146484375,-0.06707763671875,-0.0716552734375,-0.284912109375,0.381591796875,-0.21240234375,-0.409912109375,0.1456298828125,0.451416015625,0.40087890625,-0.4384765625,0.259033203125,-0.176025390625,0.263916015625,-0.459228515625,-0.09429931640625,-0.1807861328125,0.159423828125,0.245849609375,0.1253662109375,0.56982421875,0.68701171875,0.381591796875,0.056060791015625,0.2115478515625,-0.1072998046875,-0.2998046875,-0.244384765625,0.8974609375
0.2342529296875,0.266845703125,0.04827880859375,0.13720703125,0.11260986328125,0.038421630859375,-0.357421875,-0.2200927734375,0.0341796875,-0.024505615234375,-0.255126953125,-0.043426513671875,-0.2037353515625,0.1419677734375,0.062255859375,0.130615234375,-0.03155517578125,0.06170654296875,-0.1439208984375,0.263671875,-0.032501220703125,-0.07781982421875,-0.0306549072265625,-0.1866455078125,0.141357421875,0.029754638671875,-0.0273895263671875,-0.035675048828125,0.184814453125,0.1644287109375,-0.26513671875,-0.093017578125,0.08154296875,-0.2578125,-0.16162109375,0.135986328125,0.0792236328125,0.061431884765625,0.0450439453125,0.2064208984375,-0.1746826171875,-0.2122802734375,-0.337158203125,-0.1031494140625,0.2391357421875,0.00695037841796875,0.05303955078125,0.00543212890625,0.19775390625,0.1822509765625,-0.0177001953125,-0.11639404296875,0.0582275390625,0.05426025390625,-0.035125732421875,0.353759765625,-0.0772705078125,0.06427001953125,0.08599853515625,0.0977783203125,-0.116455078125,0.1041259765625,-0.177001953125,0.216064453125
0.2413330078125,-0.124267578125,0.0869140625,0.327392578125,0.053375244140625,-0.013641357421875,-0.07012939453125,-0.263671875,0.3056640625,0.244140625,-0.40087890625,0.1431884765625,-0.2021484375,0.2332763671875,0.30615234375,-0.251708984375,0.302978515625,0.11029052734375,-0.283203125,0.1441650390625,0.131103515625,0.313232421875,-0.1124267578125,-0.13671875,-0.052398681640625,-0.05633544921875,-0.165771484375,0.0146484375,0.29296875,0.1295166015625,-0.2100830078125,-0.03717041015625,0.318115234375,-0.06549072265625,-0.070556640625,0.31298828125,-0.3095703125,-0.0293426513671875,0.2568359375,0.19970703125,-0.01079559326171875,-0.0843505859375,-0.289306640625,-0.2010498046875,-0.10302734375,0.06292724609375,0.1461181640625,-0.0849609375,0.4443359375,0.2359619140625,0.1217041015625,-0.328857421875,0.0093841552734375,-0.028167724609375,0.1727294921875,0.2076416015625,-0.1871337890625,-0.02191162109375,0.2919921875,0.29150390625,-0.2685546875,-0.1099853515625,-0.2205810546875,0.45849609375
0.02239990234375,0.10931396484375,0.1805419921875,-0.06402587890625,0.4267578125,0.064697265625,-0.1737060546875,-0.47119140625,0.104248046875,-0.1048583984375,-0.31201171875,-0.135498046875,-0.1541748046875,0.08612060546875,0.05682373046875,-0.1251220703125,0.17529296875,0.184326171875,-0.242431640625,0.22509765625,-0.05987548828125,-0.020843505859375,-0.26416015625,-0.241455078125,0.07684326171875,0.0018777847290039062,0.10400390625,0.09637451171875,0.01247406005859375,0.123046875,-0.3828125,-0.0208587646484375,0.0433349609375,-0.1038818359375,-0.0193328857421875,-0.19775390625,-0.150146484375,-0.061248779296875,-0.0252838134765625,0.266357421875,0.004344940185546875,-0.253662109375,-0.330078125,-0.0305328369140625,0.362548828125,-0.06817626953125,-0.007564544677734375,-0.0867919921875,0.25,0.0144195556640625,0.24072265625,-0.27685546875,0.1256103515625,-0.1214599609375,0.115234375,0.2337646484375,-0.06475830078125,0.216796875,0.2298583984375,0.0648193359375,-0.20068359375,-0.1982421875,-0.0302581787109375,-0.057281494140625
0.294189453125,0.5576171875,-0.015838623046875,-0.497802734375,0.4541015625,-0.3076171875,0.27685546875,-0.56298828125,-0.05889892578125,-0.57421875,0.01213836669921875,-0.367431640625,-0.01329803466796875,-0.346435546875,-0.0234375,-0.0960693359375,-0.2452392578125,-0.254150390625,0.05792236328125,0.60400390625,-0.0099334716796875,-0.318603515625,-0.274169921875,-0.2322998046875,0.361083984375,-0.05523681640625,0.280029296875,0.10455322265625,-0.43701171875,-0.05841064453125,-0.127197265625,-0.316162109375,0.2724609375,0.072998046875,-0.2088623046875,0.037872314453125,-0.08111572265625,-0.484619140625,0.461181640625,-0.062042236328125,-0.28076171875,-0.26171875,-1.0712890625,0.046722412109375,0.5751953125,0.1591796875,-0.14599609375,-0.1337890625,-0.0726318359375,-0.256591796875,0.0687255859375,-0.64453125,0.1396484375,-0.350341796875,-0.148193359375,0.033447265625,0.5087890625,0.453125,0.07098388671875,0.392822265625,-0.059967041015625,0.16552734375,-0.167724609375,0.178466796875
0.333251953125,0.4833984375,0.421142578125,-0.51318359375,0.24609375,0.170166015625,-0.209228515625,-0.8974609375,0.249755859375,-0.058013916015625,-0.59375,-0.2042236328125,0.07806396484375,-0.16650390625,0.22607421875,0.1727294921875,0.1373291015625,0.3701171875,-0.190673828125,0.05792236328125,-0.169677734375,0.0670166015625,-0.1678466796875,0.20263671875,-0.2349853515625,0.100830078125,-0.12200927734375,0.0030231475830078125,-0.298583984375,-0.04766845703125,-0.19580078125,0.11199951171875,-0.03411865234375,0.08343505859375,-0.048309326171875,-0.00534820556640625,0.52587890625,-0.1783447265625,0.040496826171875,0.28173828125,-0.186279296875,-0.315185546875,-0.23779296875,0.1712646484375,0.1580810546875,-0.235595703125,-0.2479248046875,0.1552734375,0.1160888671875,-0.1483154296875,0.25439453125,-0.1116943359375,0.343505859375,-0.144287109375,0.218017578125,0.134033203125,-0.0645751953125,-0.01238250732421875,0.1290283203125,0.65673828125,-0.49072265625,-0.01271820068359375,0.00862884521484375,-0.1871337890625
